volatility_quartile,n,avg_realized_volatility_10s_ann_pct,min_realized_volatility_10s_ann_pct,max_realized_volatility_10s_ann_pct,spike_pct,suspicious_pct
Q1 Low,397,0.046309743905897205,2.2357663380078357e-05,0.0584497527919544,15.869017632241814,5.793450881612091
Q2 Med-Low,396,7.059384087089439,0.0584557556815353,15.703499417618133,18.181818181818183,3.2828282828282833
Q3 Med-High,396,23.907482382944288,15.84069860107043,34.31581237816785,10.606060606060606,3.0303030303030303
Q4 High,396,66.6189739041615,34.316206079512355,308.79941356117723,4.797979797979798,1.5151515151515151
